SET SQL_SAFE_UPDATES=0;

DELETE FROM orders_products;
DELETE FROM products;
DELETE FROM orders;
DELETE FROM accounts;

INSERT INTO products VALUES
	('010ce3c5-fd83-4dba-a223-dd535515c17d', 'Potato'),
    ('4d341b47-22b8-4622-b19c-473c90d9b3f5', 'Carrot'),
	('f0b5d037-3eb1-4782-9f07-ac43beb33de6', 'Onion'),
	('949c4aed-9de1-42dd-8f18-479bea11ca95', 'Garlic'),
	('57cdc8b7-313d-4b68-8a63-2d93d580682e', 'Cabbage'),
	('3075f285-6a3b-4ce6-8721-9db34dc28044', 'Celery'),
	('0dd933e2-5c93-400c-a99e-f8726add0245', 'Parsnip');

INSERT INTO accounts VALUES
	('0dd933e2-5c93-400c-a99e-f8726add0245', 'sam@somewhere.com', 'Sam Smith', 'Manchester'),
	('e59fe4e8-9891-46cf-82ce-0d77ce6e1e9d', 'jim@somewhere.com', 'Jim Moore', 'London'),
	('29674f56-4e01-47d2-a94f-6198cb4390cb', 'joe@somewhere.com', 'Joe Taylor', 'Brimingham'),
	('fc294cc8-b425-4588-b49f-229600ae1c67', 'tim@somewhere.com', 'Tim Williams', 'Liverpool'),
	('2b37c919-8444-46b1-99d8-240b28265f41', 'tom@somewhere.com', 'Tom Brown', 'Edinburgh'),
	('ac456b1a-29f5-4bf4-ba6c-c6572e7226c3', 'pat@somewhere.com', 'Pat Jones', 'Bristol'),
    ('e55c0c1f-b778-4e42-8314-10c579855d34', 'sid@somewhere.com', 'Sid Evans', 'Glasgow');

INSERT INTO orders VALUES
	('f5a37c6f-552c-1283-f04a-64671a0e7cd3','e55c0c1f-b778-4e42-8314-10c579855d34','2016-11-05 10:57:28'),
    ('ad7a1b88-fdc4-1279-e76c-0876076e9c6b','e59fe4e8-9891-46cf-82ce-0d77ce6e1e9d','2015-06-05 07:19:17'),
    ('7071ff0f-dc81-2a43-ea77-c6d547ea5a8b','ac456b1a-29f5-4bf4-ba6c-c6572e7226c3','2017-04-14 23:00:51'),
    ('9bc12bb8-3cec-6385-7ba2-9628107e6f1d','ac456b1a-29f5-4bf4-ba6c-c6572e7226c3','2015-06-15 04:06:41'),
    ('4a9a5a0f-a0ba-83b2-63d8-c46f707a7438','0dd933e2-5c93-400c-a99e-f8726add0245','2016-08-15 13:56:54'),
    ('bf209f58-3e45-1a71-067d-5de68924bd45','e55c0c1f-b778-4e42-8314-10c579855d34','2016-05-17 13:08:49'),
    ('7737f732-6165-c802-74b4-cd4db0a5ef60','0dd933e2-5c93-400c-a99e-f8726add0245','2015-12-03 10:54:59'),
    ('c5b59f68-8326-cd2f-5bf7-b348ccdda43d','e55c0c1f-b778-4e42-8314-10c579855d34','2015-12-10 21:41:33'),
    ('dba3b699-0bac-ca41-aa12-28e6e678226e','e55c0c1f-b778-4e42-8314-10c579855d34','2016-05-30 13:38:53'),
    ('30aaad83-8299-fc09-0127-e4bedebe4550','e59fe4e8-9891-46cf-82ce-0d77ce6e1e9d','2016-09-04 19:17:45'),
    ('0c996dca-3973-0739-ecda-0d6d7e330ea1','e59fe4e8-9891-46cf-82ce-0d77ce6e1e9d','2015-07-29 21:16:12'),
    ('07758af6-1add-3812-06e7-ffcff9ef01f1','2b37c919-8444-46b1-99d8-240b28265f41','2016-05-30 20:00:17'),
    ('d808bb3a-f5d0-0554-659e-828c98f8c3d6','ac456b1a-29f5-4bf4-ba6c-c6572e7226c3','2017-03-12 12:10:53'),
    ('6cbc2021-d306-8522-1c50-15db0d674121','29674f56-4e01-47d2-a94f-6198cb4390cb','2016-07-09 05:03:02'),
    ('3c19b1d1-320c-9a90-7e86-c680bc063c41','ac456b1a-29f5-4bf4-ba6c-c6572e7226c3','2016-10-12 16:01:06'),
    ('5f4d912b-7cfb-dc78-43d0-2561228d81f7','e55c0c1f-b778-4e42-8314-10c579855d34','2016-10-03 17:03:51'),
    ('a0a3ed66-5de2-d79e-89d9-4b56c74383e0','e55c0c1f-b778-4e42-8314-10c579855d34','2016-05-25 23:13:31'),
    ('a8f1f4dd-d36b-c6c1-09fd-788d4c98d92b','2b37c919-8444-46b1-99d8-240b28265f41','2015-06-13 22:45:41'),
    ('faa277c2-a1ad-46f8-172a-f619ec6b5d80','e59fe4e8-9891-46cf-82ce-0d77ce6e1e9d','2016-06-13 17:19:52'),
    ('519e45ab-c052-2e7f-753a-2dbd456dcb8e','29674f56-4e01-47d2-a94f-6198cb4390cb','2015-06-22 10:21:21'),
    ('489ecbeb-40d6-c335-075c-210a01ba7950','fc294cc8-b425-4588-b49f-229600ae1c67','2016-04-07 01:21:27'),
    ('c1fe5e20-b6b2-1693-419d-264b0c0e7c72','29674f56-4e01-47d2-a94f-6198cb4390cb','2015-10-31 20:09:59'),
    ('5913583d-6c59-409c-3865-42c1a0972dcd','0dd933e2-5c93-400c-a99e-f8726add0245','2016-05-26 10:05:56'),
    ('92410a2e-b64f-8e5c-ca3c-a5249719ca49','2b37c919-8444-46b1-99d8-240b28265f41','2016-03-21 21:49:53'),
    ('b06ab467-34b8-20d0-b091-2c817774eb6a','e59fe4e8-9891-46cf-82ce-0d77ce6e1e9d','2017-03-13 11:12:04'),
    ('5a66b097-d5a9-0686-50ff-1aebf7ac6c97','2b37c919-8444-46b1-99d8-240b28265f41','2016-08-29 02:54:26'),
    ('b6d388f8-d5e3-9d31-a9c2-f94919dc46a1','fc294cc8-b425-4588-b49f-229600ae1c67','2016-01-29 15:12:31'),
    ('5f9d561b-62f5-5c55-2268-b78d11afa992','0dd933e2-5c93-400c-a99e-f8726add0245','2015-10-23 06:52:27'),
    ('2b888926-e2ae-7af8-2257-569b853224c3','ac456b1a-29f5-4bf4-ba6c-c6572e7226c3','2016-02-08 02:05:33'),
    ('52efe133-f211-6f03-95bc-6271e844122f','e55c0c1f-b778-4e42-8314-10c579855d34','2016-06-12 14:55:06'),
    ('18873946-a5be-e436-ad0a-e525aab354a0','29674f56-4e01-47d2-a94f-6198cb4390cb','2016-06-30 14:27:19'),
    ('090536e9-66c8-7cc7-f484-318f456ce8a8','2b37c919-8444-46b1-99d8-240b28265f41','2016-04-28 03:05:16'),
    ('d61b70b1-3889-a1d8-0978-9cb93f6087e2','0dd933e2-5c93-400c-a99e-f8726add0245','2016-03-28 02:10:23'),
    ('e1df43ab-b0b2-518f-77c7-a3f697bf7428','2b37c919-8444-46b1-99d8-240b28265f41','2015-05-12 18:06:44'),
    ('667f2b2c-9c0a-34cb-b321-9521ef7b02fa','29674f56-4e01-47d2-a94f-6198cb4390cb','2015-08-19 01:36:21'),
    ('8e9a53b2-4558-285a-d5ea-223486350b6d','e59fe4e8-9891-46cf-82ce-0d77ce6e1e9d','2015-11-17 05:23:13'),
    ('7ccc5231-f675-c72b-3419-e93dad47265c','e59fe4e8-9891-46cf-82ce-0d77ce6e1e9d','2015-08-29 18:56:32'),
    ('f1e80c05-ee9e-c4c4-78fe-36ea556f1b2c','ac456b1a-29f5-4bf4-ba6c-c6572e7226c3','2015-05-17 04:46:31'),
    ('8429d4aa-f5bd-7e2d-aa8c-2d83db8e1be4','0dd933e2-5c93-400c-a99e-f8726add0245','2016-10-29 21:58:33'),
    ('f73488d4-149e-1ded-8f35-5cfe8429c4d3','e59fe4e8-9891-46cf-82ce-0d77ce6e1e9d','2016-03-21 21:15:36'),
    ('1260cb81-6bde-6d2f-f99d-6c8adf24aed0','2b37c919-8444-46b1-99d8-240b28265f41','2017-05-01 15:20:41'),
    ('ab3d1a28-0adc-619e-000a-46314e1251fd','ac456b1a-29f5-4bf4-ba6c-c6572e7226c3','2015-10-17 18:08:56'),
    ('8657498b-bd11-7208-5df1-b3fdf4715f18','ac456b1a-29f5-4bf4-ba6c-c6572e7226c3','2017-04-07 01:21:20'),
    ('a6107e6d-b9c3-57fb-bee8-397600c9f1ad','e55c0c1f-b778-4e42-8314-10c579855d34','2015-08-26 09:34:52'),
    ('2f3483b3-80e2-ff69-eac0-410bafc3cc9b','29674f56-4e01-47d2-a94f-6198cb4390cb','2016-05-08 06:30:41'),
    ('704421f6-3e82-df87-680d-8a8714cc1262','2b37c919-8444-46b1-99d8-240b28265f41','2016-11-26 09:25:50'),
    ('26935ae3-2c44-917e-60a5-b92028f30cc7','0dd933e2-5c93-400c-a99e-f8726add0245','2016-05-09 17:14:30'),
    ('1733cb9d-2e08-e836-5357-835b9b0bb48c','e59fe4e8-9891-46cf-82ce-0d77ce6e1e9d','2015-09-15 08:18:31'),
    ('5f280b22-28a5-d006-abab-4697a600a73e','e59fe4e8-9891-46cf-82ce-0d77ce6e1e9d','2016-09-24 07:48:23'),
    ('9eaf6a08-91ad-ccc4-29eb-a0ebd8057d74','ac456b1a-29f5-4bf4-ba6c-c6572e7226c3','2016-12-11 17:42:25'),
    ('9a72b22e-7d08-631b-0417-49e08ba1c18a','2b37c919-8444-46b1-99d8-240b28265f41','2015-09-29 13:11:43'),
    ('b086e051-4b42-5084-14d1-4cf5736690fb','2b37c919-8444-46b1-99d8-240b28265f41','2015-05-25 04:48:13'),
    ('a55eff0a-cc5c-3582-3d30-642c3f986e02','e55c0c1f-b778-4e42-8314-10c579855d34','2016-10-20 11:53:44'),
    ('cebb4ec0-c81c-a7ae-1316-e4baa9bc11e0','e59fe4e8-9891-46cf-82ce-0d77ce6e1e9d','2016-07-07 07:02:13'),
    ('052eed33-00d9-603f-a232-511a47ba93db','0dd933e2-5c93-400c-a99e-f8726add0245','2016-07-12 19:22:15'),
    ('a29ae410-ae87-3556-86be-ca2870ef536a','0dd933e2-5c93-400c-a99e-f8726add0245','2016-11-07 02:12:23'),
    ('24a21a1d-c818-f54d-82d0-63a28f775e7c','ac456b1a-29f5-4bf4-ba6c-c6572e7226c3','2015-11-13 05:56:22'),
    ('1c927854-6752-2ea1-d176-21c45279a67a','2b37c919-8444-46b1-99d8-240b28265f41','2016-12-15 16:32:34'),
    ('dae24535-031a-be2c-9e95-70697ddf9004','0dd933e2-5c93-400c-a99e-f8726add0245','2017-01-15 06:15:05'),
    ('47679f73-4c55-c5c4-7511-319fc538bcdd','ac456b1a-29f5-4bf4-ba6c-c6572e7226c3','2016-11-13 15:39:16'),
    ('f06edf5e-706e-27a4-4ca3-30c781dde1b4','29674f56-4e01-47d2-a94f-6198cb4390cb','2017-01-16 02:46:25'),
    ('927257a6-9ab4-96db-81de-74194baa03b8','e55c0c1f-b778-4e42-8314-10c579855d34','2016-02-22 04:58:21'),
    ('769c700b-4227-4376-7c95-0a32296ff4f4','2b37c919-8444-46b1-99d8-240b28265f41','2016-03-16 07:48:15'),
    ('ce47aa43-9935-9aa4-f724-c80d621d133c','2b37c919-8444-46b1-99d8-240b28265f41','2016-10-21 21:09:51'),
    ('82a4ac52-3491-3318-d721-6af5a35ddd32','ac456b1a-29f5-4bf4-ba6c-c6572e7226c3','2015-07-01 03:44:45'),
    ('42b66136-02b4-62c2-07a2-94984c9a8904','e55c0c1f-b778-4e42-8314-10c579855d34','2015-06-18 14:34:23'),
    ('b535dd92-1310-c891-ebab-a8c40e278a01','2b37c919-8444-46b1-99d8-240b28265f41','2016-03-18 23:32:23'),
    ('71821f4f-c345-905b-6bb3-7d611d43a476','e55c0c1f-b778-4e42-8314-10c579855d34','2016-03-23 17:26:54'),
    ('15bb3b16-2060-94f7-37d8-59815f5bb8df','e59fe4e8-9891-46cf-82ce-0d77ce6e1e9d','2015-09-12 07:06:42'),
    ('cdcb1bd0-d1a7-cef5-ecb5-022faa61c384','e59fe4e8-9891-46cf-82ce-0d77ce6e1e9d','2015-05-28 17:23:57'),
    ('fb1c4002-898c-56b5-6d8c-b664d975d00c','fc294cc8-b425-4588-b49f-229600ae1c67','2016-07-21 01:37:10'),
    ('cbefe4b6-d7c4-3ede-6fcb-22b7b27892f4','2b37c919-8444-46b1-99d8-240b28265f41','2016-06-01 10:40:14'),
    ('f6f8e5c3-8f86-a423-30c4-221c8e6160e5','0dd933e2-5c93-400c-a99e-f8726add0245','2016-01-15 15:44:24'),
    ('25d5fac7-b393-1e83-fe8d-6bdb65f4f4f1','29674f56-4e01-47d2-a94f-6198cb4390cb','2015-08-01 02:01:36'),
    ('b1cf08f8-a11f-bfbf-6472-75b9f1256395','ac456b1a-29f5-4bf4-ba6c-c6572e7226c3','2015-11-18 10:30:15'),
    ('8313e0de-5dd3-7171-8d15-e46ec6807b99','e55c0c1f-b778-4e42-8314-10c579855d34','2017-05-05 23:17:18'),
    ('abd082e6-4b4f-cb81-3fae-fe30b7663369','ac456b1a-29f5-4bf4-ba6c-c6572e7226c3','2015-05-14 15:10:20'),
    ('79cddaf9-4ef9-cb4b-32f3-dcdbb985d635','e59fe4e8-9891-46cf-82ce-0d77ce6e1e9d','2015-06-10 13:57:09'),
    ('a13657a5-4136-4391-73d6-c19d037e7320','fc294cc8-b425-4588-b49f-229600ae1c67','2016-08-31 13:28:32'),
    ('3118d994-56db-4bb7-d308-49804dee0fa6','e59fe4e8-9891-46cf-82ce-0d77ce6e1e9d','2017-03-03 02:31:34'),
    ('d15c1672-0e95-8fc8-f355-529745d579cc','ac456b1a-29f5-4bf4-ba6c-c6572e7226c3','2015-09-19 22:16:52'),
    ('20ba587e-92ba-c509-ffac-c3cfdf2678e8','e55c0c1f-b778-4e42-8314-10c579855d34','2016-08-08 16:34:04'),
    ('ea75b548-b62c-9626-ec3d-938a3993c38e','29674f56-4e01-47d2-a94f-6198cb4390cb','2016-06-10 08:56:09'),
    ('c7a9c09d-dde4-2106-b1d9-9b22e446ae57','ac456b1a-29f5-4bf4-ba6c-c6572e7226c3','2016-04-19 20:03:27'),
    ('99561417-4acf-44aa-7b95-eeb705453d92','fc294cc8-b425-4588-b49f-229600ae1c67','2016-10-24 07:52:32'),
    ('653c2b4e-2d94-696e-448a-a3c7980c9607','2b37c919-8444-46b1-99d8-240b28265f41','2015-12-21 18:04:29'),
    ('00508f9c-4b4f-2657-1a09-acc770709e27','2b37c919-8444-46b1-99d8-240b28265f41','2016-06-14 15:38:49'),
    ('873a6fb9-32d1-17ac-62d1-c237e5caa5b9','ac456b1a-29f5-4bf4-ba6c-c6572e7226c3','2015-11-06 21:56:12'),
    ('8314870d-6a36-cd0f-317e-a8cceafbce84','e59fe4e8-9891-46cf-82ce-0d77ce6e1e9d','2016-03-31 18:59:20'),
    ('943479ce-9c94-090f-2418-238c8a17f461','e59fe4e8-9891-46cf-82ce-0d77ce6e1e9d','2016-12-05 00:46:57'),
    ('9e0237fa-bcac-79d2-b842-047e90e528a7','e59fe4e8-9891-46cf-82ce-0d77ce6e1e9d','2016-10-22 05:35:30'),
    ('757ebe94-0edc-940d-c049-83f34ea773b1','2b37c919-8444-46b1-99d8-240b28265f41','2016-03-17 06:39:51'),
    ('1a92b23b-5ce4-5c02-ce87-d651125aa551','e59fe4e8-9891-46cf-82ce-0d77ce6e1e9d','2015-09-27 00:13:19'),
    ('72fd275c-b787-78ee-c297-f0d7aec174ad','fc294cc8-b425-4588-b49f-229600ae1c67','2016-02-10 10:28:17'),
    ('b0c943da-d1c7-c9dd-fb14-b98ecd297ad1','29674f56-4e01-47d2-a94f-6198cb4390cb','2016-10-24 18:23:08'),
    ('088b985a-04fc-9f11-7c87-7fe730585bfa','fc294cc8-b425-4588-b49f-229600ae1c67','2015-06-23 11:09:58'),
    ('c6ca2358-6b7c-ee45-6601-34eb8333f01f','ac456b1a-29f5-4bf4-ba6c-c6572e7226c3','2015-07-06 01:36:34'),
    ('1cbd70b5-2fbc-2c1f-3dff-f4a861a472e6','ac456b1a-29f5-4bf4-ba6c-c6572e7226c3','2015-08-06 02:47:01'),
    ('a9b2a541-0a23-cca9-5915-70d7fc3271ac','e59fe4e8-9891-46cf-82ce-0d77ce6e1e9d','2016-09-23 02:56:52'),
    ('f6e73772-453b-5338-8723-20c64ffd2458','2b37c919-8444-46b1-99d8-240b28265f41','2016-12-10 06:34:12');

INSERT INTO orders_products VALUES
	('9a72b22e-7d08-631b-0417-49e08ba1c18a','949c4aed-9de1-42dd-8f18-479bea11ca95',6),
    ('873a6fb9-32d1-17ac-62d1-c237e5caa5b9','010ce3c5-fd83-4dba-a223-dd535515c17d',9),
    ('79cddaf9-4ef9-cb4b-32f3-dcdbb985d635','f0b5d037-3eb1-4782-9f07-ac43beb33de6',6),
    ('cebb4ec0-c81c-a7ae-1316-e4baa9bc11e0','f0b5d037-3eb1-4782-9f07-ac43beb33de6',4),
    ('1a92b23b-5ce4-5c02-ce87-d651125aa551','f0b5d037-3eb1-4782-9f07-ac43beb33de6',2),
    ('c6ca2358-6b7c-ee45-6601-34eb8333f01f','010ce3c5-fd83-4dba-a223-dd535515c17d',3),
    ('1c927854-6752-2ea1-d176-21c45279a67a','010ce3c5-fd83-4dba-a223-dd535515c17d',9),
    ('bf209f58-3e45-1a71-067d-5de68924bd45','949c4aed-9de1-42dd-8f18-479bea11ca95',4),
    ('a0a3ed66-5de2-d79e-89d9-4b56c74383e0','3075f285-6a3b-4ce6-8721-9db34dc28044',1),
    ('667f2b2c-9c0a-34cb-b321-9521ef7b02fa','4d341b47-22b8-4622-b19c-473c90d9b3f5',7),
    ('99561417-4acf-44aa-7b95-eeb705453d92','4d341b47-22b8-4622-b19c-473c90d9b3f5',1),
    ('8314870d-6a36-cd0f-317e-a8cceafbce84','010ce3c5-fd83-4dba-a223-dd535515c17d',7),
    ('943479ce-9c94-090f-2418-238c8a17f461','010ce3c5-fd83-4dba-a223-dd535515c17d',8),
    ('5a66b097-d5a9-0686-50ff-1aebf7ac6c97','57cdc8b7-313d-4b68-8a63-2d93d580682e',6),
    ('943479ce-9c94-090f-2418-238c8a17f461','949c4aed-9de1-42dd-8f18-479bea11ca95',9),
    ('9e0237fa-bcac-79d2-b842-047e90e528a7','f0b5d037-3eb1-4782-9f07-ac43beb33de6',9),
    ('20ba587e-92ba-c509-ffac-c3cfdf2678e8','010ce3c5-fd83-4dba-a223-dd535515c17d',8),
    ('20ba587e-92ba-c509-ffac-c3cfdf2678e8','57cdc8b7-313d-4b68-8a63-2d93d580682e',6),
    ('653c2b4e-2d94-696e-448a-a3c7980c9607','0dd933e2-5c93-400c-a99e-f8726add0245',8),
    ('5913583d-6c59-409c-3865-42c1a0972dcd','0dd933e2-5c93-400c-a99e-f8726add0245',7),
    ('927257a6-9ab4-96db-81de-74194baa03b8','0dd933e2-5c93-400c-a99e-f8726add0245',3),
    ('cebb4ec0-c81c-a7ae-1316-e4baa9bc11e0','57cdc8b7-313d-4b68-8a63-2d93d580682e',8),
    ('bf209f58-3e45-1a71-067d-5de68924bd45','4d341b47-22b8-4622-b19c-473c90d9b3f5',7),
    ('20ba587e-92ba-c509-ffac-c3cfdf2678e8','3075f285-6a3b-4ce6-8721-9db34dc28044',2),
    ('f1e80c05-ee9e-c4c4-78fe-36ea556f1b2c','0dd933e2-5c93-400c-a99e-f8726add0245',4),
    ('18873946-a5be-e436-ad0a-e525aab354a0','f0b5d037-3eb1-4782-9f07-ac43beb33de6',2),
    ('1cbd70b5-2fbc-2c1f-3dff-f4a861a472e6','f0b5d037-3eb1-4782-9f07-ac43beb33de6',2),
    ('71821f4f-c345-905b-6bb3-7d611d43a476','3075f285-6a3b-4ce6-8721-9db34dc28044',1),
    ('cebb4ec0-c81c-a7ae-1316-e4baa9bc11e0','010ce3c5-fd83-4dba-a223-dd535515c17d',2),
    ('ab3d1a28-0adc-619e-000a-46314e1251fd','4d341b47-22b8-4622-b19c-473c90d9b3f5',4),
    ('6cbc2021-d306-8522-1c50-15db0d674121','0dd933e2-5c93-400c-a99e-f8726add0245',9),
    ('c5b59f68-8326-cd2f-5bf7-b348ccdda43d','4d341b47-22b8-4622-b19c-473c90d9b3f5',5),
    ('943479ce-9c94-090f-2418-238c8a17f461','0dd933e2-5c93-400c-a99e-f8726add0245',5),
    ('8314870d-6a36-cd0f-317e-a8cceafbce84','f0b5d037-3eb1-4782-9f07-ac43beb33de6',1),
    ('5913583d-6c59-409c-3865-42c1a0972dcd','3075f285-6a3b-4ce6-8721-9db34dc28044',9),
    ('bf209f58-3e45-1a71-067d-5de68924bd45','010ce3c5-fd83-4dba-a223-dd535515c17d',4),
    ('873a6fb9-32d1-17ac-62d1-c237e5caa5b9','010ce3c5-fd83-4dba-a223-dd535515c17d',3),
    ('07758af6-1add-3812-06e7-ffcff9ef01f1','010ce3c5-fd83-4dba-a223-dd535515c17d',2),
    ('dba3b699-0bac-ca41-aa12-28e6e678226e','0dd933e2-5c93-400c-a99e-f8726add0245',8),
    ('bf209f58-3e45-1a71-067d-5de68924bd45','4d341b47-22b8-4622-b19c-473c90d9b3f5',6),
    ('52efe133-f211-6f03-95bc-6271e844122f','949c4aed-9de1-42dd-8f18-479bea11ca95',8),
    ('cbefe4b6-d7c4-3ede-6fcb-22b7b27892f4','010ce3c5-fd83-4dba-a223-dd535515c17d',9),
    ('0c996dca-3973-0739-ecda-0d6d7e330ea1','57cdc8b7-313d-4b68-8a63-2d93d580682e',5),
    ('9e0237fa-bcac-79d2-b842-047e90e528a7','57cdc8b7-313d-4b68-8a63-2d93d580682e',1),
    ('9e0237fa-bcac-79d2-b842-047e90e528a7','f0b5d037-3eb1-4782-9f07-ac43beb33de6',8),
    ('a0a3ed66-5de2-d79e-89d9-4b56c74383e0','4d341b47-22b8-4622-b19c-473c90d9b3f5',7),
    ('757ebe94-0edc-940d-c049-83f34ea773b1','010ce3c5-fd83-4dba-a223-dd535515c17d',4),
    ('088b985a-04fc-9f11-7c87-7fe730585bfa','949c4aed-9de1-42dd-8f18-479bea11ca95',3),
    ('ce47aa43-9935-9aa4-f724-c80d621d133c','010ce3c5-fd83-4dba-a223-dd535515c17d',9),
    ('1733cb9d-2e08-e836-5357-835b9b0bb48c','010ce3c5-fd83-4dba-a223-dd535515c17d',1),
    ('82a4ac52-3491-3318-d721-6af5a35ddd32','949c4aed-9de1-42dd-8f18-479bea11ca95',1),
    ('2b888926-e2ae-7af8-2257-569b853224c3','949c4aed-9de1-42dd-8f18-479bea11ca95',2),
    ('b1cf08f8-a11f-bfbf-6472-75b9f1256395','57cdc8b7-313d-4b68-8a63-2d93d580682e',10),
    ('a29ae410-ae87-3556-86be-ca2870ef536a','3075f285-6a3b-4ce6-8721-9db34dc28044',10),
    ('d808bb3a-f5d0-0554-659e-828c98f8c3d6','f0b5d037-3eb1-4782-9f07-ac43beb33de6',10),
    ('5a66b097-d5a9-0686-50ff-1aebf7ac6c97','3075f285-6a3b-4ce6-8721-9db34dc28044',10),
    ('b6d388f8-d5e3-9d31-a9c2-f94919dc46a1','949c4aed-9de1-42dd-8f18-479bea11ca95',4),
    ('1cbd70b5-2fbc-2c1f-3dff-f4a861a472e6','949c4aed-9de1-42dd-8f18-479bea11ca95',3),
    ('b06ab467-34b8-20d0-b091-2c817774eb6a','010ce3c5-fd83-4dba-a223-dd535515c17d',7),
    ('d15c1672-0e95-8fc8-f355-529745d579cc','949c4aed-9de1-42dd-8f18-479bea11ca95',8),
    ('052eed33-00d9-603f-a232-511a47ba93db','4d341b47-22b8-4622-b19c-473c90d9b3f5',4),
    ('1733cb9d-2e08-e836-5357-835b9b0bb48c','010ce3c5-fd83-4dba-a223-dd535515c17d',4),
    ('fb1c4002-898c-56b5-6d8c-b664d975d00c','3075f285-6a3b-4ce6-8721-9db34dc28044',3),
    ('7ccc5231-f675-c72b-3419-e93dad47265c','f0b5d037-3eb1-4782-9f07-ac43beb33de6',7),
    ('42b66136-02b4-62c2-07a2-94984c9a8904','57cdc8b7-313d-4b68-8a63-2d93d580682e',2),
    ('5913583d-6c59-409c-3865-42c1a0972dcd','0dd933e2-5c93-400c-a99e-f8726add0245',10),
    ('c7a9c09d-dde4-2106-b1d9-9b22e446ae57','0dd933e2-5c93-400c-a99e-f8726add0245',7),
    ('9bc12bb8-3cec-6385-7ba2-9628107e6f1d','010ce3c5-fd83-4dba-a223-dd535515c17d',1),
    ('d61b70b1-3889-a1d8-0978-9cb93f6087e2','57cdc8b7-313d-4b68-8a63-2d93d580682e',7),
    ('0c996dca-3973-0739-ecda-0d6d7e330ea1','949c4aed-9de1-42dd-8f18-479bea11ca95',9),
    ('b535dd92-1310-c891-ebab-a8c40e278a01','4d341b47-22b8-4622-b19c-473c90d9b3f5',5),
    ('15bb3b16-2060-94f7-37d8-59815f5bb8df','949c4aed-9de1-42dd-8f18-479bea11ca95',2),
    ('a55eff0a-cc5c-3582-3d30-642c3f986e02','949c4aed-9de1-42dd-8f18-479bea11ca95',6),
    ('b06ab467-34b8-20d0-b091-2c817774eb6a','0dd933e2-5c93-400c-a99e-f8726add0245',5),
    ('9e0237fa-bcac-79d2-b842-047e90e528a7','57cdc8b7-313d-4b68-8a63-2d93d580682e',9),
    ('cbefe4b6-d7c4-3ede-6fcb-22b7b27892f4','4d341b47-22b8-4622-b19c-473c90d9b3f5',6),
    ('3118d994-56db-4bb7-d308-49804dee0fa6','57cdc8b7-313d-4b68-8a63-2d93d580682e',9),
    ('d808bb3a-f5d0-0554-659e-828c98f8c3d6','f0b5d037-3eb1-4782-9f07-ac43beb33de6',5),
    ('ab3d1a28-0adc-619e-000a-46314e1251fd','0dd933e2-5c93-400c-a99e-f8726add0245',4),
    ('7071ff0f-dc81-2a43-ea77-c6d547ea5a8b','3075f285-6a3b-4ce6-8721-9db34dc28044',2),
    ('a55eff0a-cc5c-3582-3d30-642c3f986e02','f0b5d037-3eb1-4782-9f07-ac43beb33de6',2),
    ('c7a9c09d-dde4-2106-b1d9-9b22e446ae57','57cdc8b7-313d-4b68-8a63-2d93d580682e',8),
    ('7ccc5231-f675-c72b-3419-e93dad47265c','949c4aed-9de1-42dd-8f18-479bea11ca95',1),
    ('42b66136-02b4-62c2-07a2-94984c9a8904','57cdc8b7-313d-4b68-8a63-2d93d580682e',9),
    ('26935ae3-2c44-917e-60a5-b92028f30cc7','f0b5d037-3eb1-4782-9f07-ac43beb33de6',10),
    ('72fd275c-b787-78ee-c297-f0d7aec174ad','57cdc8b7-313d-4b68-8a63-2d93d580682e',8),
    ('dae24535-031a-be2c-9e95-70697ddf9004','0dd933e2-5c93-400c-a99e-f8726add0245',6),
    ('f5a37c6f-552c-1283-f04a-64671a0e7cd3','4d341b47-22b8-4622-b19c-473c90d9b3f5',8),
    ('3118d994-56db-4bb7-d308-49804dee0fa6','949c4aed-9de1-42dd-8f18-479bea11ca95',9),
    ('6cbc2021-d306-8522-1c50-15db0d674121','f0b5d037-3eb1-4782-9f07-ac43beb33de6',1),
    ('5f9d561b-62f5-5c55-2268-b78d11afa992','949c4aed-9de1-42dd-8f18-479bea11ca95',10),
    ('30aaad83-8299-fc09-0127-e4bedebe4550','57cdc8b7-313d-4b68-8a63-2d93d580682e',7),
    ('7ccc5231-f675-c72b-3419-e93dad47265c','010ce3c5-fd83-4dba-a223-dd535515c17d',5),
    ('8314870d-6a36-cd0f-317e-a8cceafbce84','f0b5d037-3eb1-4782-9f07-ac43beb33de6',3),
    ('dba3b699-0bac-ca41-aa12-28e6e678226e','4d341b47-22b8-4622-b19c-473c90d9b3f5',7),
    ('8657498b-bd11-7208-5df1-b3fdf4715f18','57cdc8b7-313d-4b68-8a63-2d93d580682e',5),
    ('769c700b-4227-4376-7c95-0a32296ff4f4','57cdc8b7-313d-4b68-8a63-2d93d580682e',5),
    ('c5b59f68-8326-cd2f-5bf7-b348ccdda43d','3075f285-6a3b-4ce6-8721-9db34dc28044',1),
    ('1260cb81-6bde-6d2f-f99d-6c8adf24aed0','949c4aed-9de1-42dd-8f18-479bea11ca95',2),
    ('9e0237fa-bcac-79d2-b842-047e90e528a7','f0b5d037-3eb1-4782-9f07-ac43beb33de6',9);